Workbook

Sheet Dashboard
A1: 👥 HR EMPLOYEE PERFORMANCE & ATTENDANCE DASHBOARD
A2: Jan – Jun 2025 • 20 Employees • 6 Departments • Mumbai | Bangalore | Delhi | Chennai | Hyderabad | Pune | Kolkata | Kochi | Jaipur
A4: 👥 TOTAL EMPLOYEES | D4: 📈 AVG PERFORMANCE | G4: 📅 AVG ATTENDANCE | J4: ✅ TASKS COMPLETED | M4: 🏆 HIGH PERFORMERS | P4: ⚠️ RISK EMPLOYEES
A5: ='KPI Summary'!B5 -> 0 | D5: ='KPI Summary'!D5 -> 0 | G5: ='KPI Summary'!F5 -> 0 | J5: ='KPI Summary'!H5 -> 0 | M5: ='KPI Summary'!B8 -> 0 | P5: ='KPI Summary'!G8 -> 1293
A7: 🎁 BONUS ELIGIBLE | D7: ⚠️ LOW PERFORMERS | G7: ⏰ TOTAL OT HOURS | J7: 📋 TOTAL TARGETS | M7: 📊 AVG KRA SCORE | P7: 💰 PAYROLL (₹)
A8: ='KPI Summary'!J5 -> 0 | D8: ='KPI Summary'!D8 -> 0 | G8: ='KPI Summary'!H8 -> 0 | J8: ='KPI Summary'!J8 -> 0 | M8: =AVERAGE('Raw Data'!W3:W122) -> 3.9346667 | P8: =SUM('Raw Data'!AB3:AB122)/6 -> 1395000
A10: 📊 DEPT PERFORMANCE OVERVIEW | H10: 📅 MONTHLY PERFORMANCE TREND | O10: ⚠️ RISK SUMMARY
A11: Department | B11: Avg Perf | C11: Avg Att% | D11: Tasks | E11: Target | F11: Risk Count | H11: Month | I11: WD | J11: Avg Perf | K11: Avg Att% | L11: Tasks Done | M11: Achievement% | O11: Risk Category | P11: Count | Q11: % Share | R11: Action
A12: 💻 Technology | B12: =IFERROR(AVERAGEIF('Raw Data'!C3:C122,"Technology",'Raw Data'!Z3:Z122),0) -> 7.8111111 | C12: =IFERROR(AVERAGEIF('Raw Data'!C3:C122,"Technology",'Raw Data'!Q3:Q122),0) -> 0.85504167 | D12: =SUMIF('Raw Data'!C3:C122,"Technology",'Raw Data'!U3:U122) -> 787 | E12: =SUMIF('Raw Data'!C3:C122,"Technology",'Raw Data'!T3:T122) -> 866 | F12: =COUNTIFS('Raw Data'!C3:C122,"Technology",'Raw Data'!AD3:AD122,"High Risk") -> 0 | H12: Jan | I12: 23 | J12: =IFERROR(AVERAGEIF('Raw Data'!K3:K122,"Jan",'Raw Data'!Z3:Z122),0) -> 7.905 | K12: =IFERROR(AVERAGEIF('Raw Data'!K3:K122,"Jan",'Raw Data'!Q3:Q122),0) -> 0.89565 | L12: =SUMIF('Raw Data'!K3:K122,"Jan",'Raw Data'!U3:U122) -> 417 | M12: =IFERROR(E12/F12,0) -> 0 | O12: ✅ OK | P12: =COUNTIF('Raw Data'!AD3:AD122,"OK") -> 65 | Q12: =IFERROR(P12/120,0) -> 0.54166667 | R12: Review Done
A13: 👤 HR | B13: =IFERROR(AVERAGEIF('Raw Data'!C3:C122,"HR",'Raw Data'!Z3:Z122),0) -> 7.3333333 | C13: =IFERROR(AVERAGEIF('Raw Data'!C3:C122,"HR",'Raw Data'!Q3:Q122),0) -> 0.871 | D13: =SUMIF('Raw Data'!C3:C122,"HR",'Raw Data'!U3:U122) -> 436 | E13: =SUMIF('Raw Data'!C3:C122,"HR",'Raw Data'!T3:T122) -> 516 | F13: =COUNTIFS('Raw Data'!C3:C122,"HR",'Raw Data'!AD3:AD122,"High Risk") -> 3 | H13: Feb | I13: 20 | J13: =IFERROR(AVERAGEIF('Raw Data'!K3:K122,"Feb",'Raw Data'!Z3:Z122),0) -> 7.67 | K13: =IFERROR(AVERAGEIF('Raw Data'!K3:K122,"Feb",'Raw Data'!Q3:Q122),0) -> 0.8425 | L13: =SUMIF('Raw Data'!K3:K122,"Feb",'Raw Data'!U3:U122) -> 437 | M13: =IFERROR(E13/F13,0) -> 172 | O13: ⏰ Att. Risk | P13: =COUNTIF('Raw Data'!AD3:AD122,"Attendance Risk") -> 51 | Q13: =IFERROR(P13/120,0) -> 0.425 | R13: HR Follow-up
A14: 💰 Finance | B14: =IFERROR(AVERAGEIF('Raw Data'!C3:C122,"Finance",'Raw Data'!Z3:Z122),0) -> 7.8222222 | C14: =IFERROR(AVERAGEIF('Raw Data'!C3:C122,"Finance",'Raw Data'!Q3:Q122),0) -> 0.86638889 | D14: =SUMIF('Raw Data'!C3:C122,"Finance",'Raw Data'!U3:U122) -> 411 | E14: =SUMIF('Raw Data'!C3:C122,"Finance",'Raw Data'!T3:T122) -> 476 | F14: =COUNTIFS('Raw Data'!C3:C122,"Finance",'Raw Data'!AD3:AD122,"High Risk") -> 0 | H14: Mar | I14: 21 | J14: =IFERROR(AVERAGEIF('Raw Data'!K3:K122,"Mar",'Raw Data'!Z3:Z122),0) -> 7.635 | K14: =IFERROR(AVERAGEIF('Raw Data'!K3:K122,"Mar",'Raw Data'!Q3:Q122),0) -> 0.835705 | L14: =SUMIF('Raw Data'!K3:K122,"Mar",'Raw Data'!U3:U122) -> 495 | M14: =IFERROR(E14/F14,0) -> 0 | O14: 📉 Perf. Risk | P14: =COUNTIF('Raw Data'!AD3:AD122,"Performance Risk") -> 0 | Q14: =IFERROR(P14/120,0) -> 0 | R14: Coaching Plan
A15: 📈 Sales | B15: =IFERROR(AVERAGEIF('Raw Data'!C3:C122,"Sales",'Raw Data'!Z3:Z122),0) -> 7.7555556 | C15: =IFERROR(AVERAGEIF('Raw Data'!C3:C122,"Sales",'Raw Data'!Q3:Q122),0) -> 0.86257778 | D15: =SUMIF('Raw Data'!C3:C122,"Sales",'Raw Data'!U3:U122) -> 414 | E15: =SUMIF('Raw Data'!C3:C122,"Sales",'Raw Data'!T3:T122) -> 452 | F15: =COUNTIFS('Raw Data'!C3:C122,"Sales",'Raw Data'!AD3:AD122,"High Risk") -> 0 | H15: Apr | I15: 22 | J15: =IFERROR(AVERAGEIF('Raw Data'!K3:K122,"Apr",'Raw Data'!Z3:Z122),0) -> 7.67 | K15: =IFERROR(AVERAGEIF('Raw Data'!K3:K122,"Apr",'Raw Data'!Q3:Q122),0) -> 0.879535 | L15: =SUMIF('Raw Data'!K3:K122,"Apr",'Raw Data'!U3:U122) -> 454 | M15: =IFERROR(E15/F15,0) -> 0 | O15: 🔴 High Risk | P15: =COUNTIF('Raw Data'!AD3:AD122,"High Risk") -> 4 | Q15: =IFERROR(P15/120,0) -> 0.033333333 | R15: Urgent Action
A16: ⚙️ Operations | B16: =IFERROR(AVERAGEIF('Raw Data'!C3:C122,"Operations",'Raw Data'!Z3:Z122),0) -> 8.0944444 | C16: =IFERROR(AVERAGEIF('Raw Data'!C3:C122,"Operations",'Raw Data'!Q3:Q122),0) -> 0.85255556 | D16: =SUMIF('Raw Data'!C3:C122,"Operations",'Raw Data'!U3:U122) -> 406 | E16: =SUMIF('Raw Data'!C3:C122,"Operations",'Raw Data'!T3:T122) -> 442 | F16: =COUNTIFS('Raw Data'!C3:C122,"Operations",'Raw Data'!AD3:AD122,"High Risk") -> 0 | H16: May | I16: 21 | J16: =IFERROR(AVERAGEIF('Raw Data'!K3:K122,"May",'Raw Data'!Z3:Z122),0) -> 7.8 | K16: =IFERROR(AVERAGEIF('Raw Data'!K3:K122,"May",'Raw Data'!Q3:Q122),0) -> 0.864285 | L16: =SUMIF('Raw Data'!K3:K122,"May",'Raw Data'!U3:U122) -> 450 | M16: =IFERROR(E16/F16,0) -> 0
A17: 📣 Marketing | B17: =IFERROR(AVERAGEIF('Raw Data'!C3:C122,"Marketing",'Raw Data'!Z3:Z122),0) -> 7.7666667 | C17: =IFERROR(AVERAGEIF('Raw Data'!C3:C122,"Marketing",'Raw Data'!Q3:Q122),0) -> 0.86471667 | D17: =SUMIF('Raw Data'!C3:C122,"Marketing",'Raw Data'!U3:U122) -> 264 | E17: =SUMIF('Raw Data'!C3:C122,"Marketing",'Raw Data'!T3:T122) -> 299 | F17: =COUNTIFS('Raw Data'!C3:C122,"Marketing",'Raw Data'!AD3:AD122,"High Risk") -> 1 | H17: Jun | I17: 20 | J17: =IFERROR(AVERAGEIF('Raw Data'!K3:K122,"Jun",'Raw Data'!Z3:Z122),0) -> 7.945 | K17: =IFERROR(AVERAGEIF('Raw Data'!K3:K122,"Jun",'Raw Data'!Q3:Q122),0) -> 0.8475 | L17: =SUMIF('Raw Data'!K3:K122,"Jun",'Raw Data'!U3:U122) -> 465 | M17: =IFERROR(E17/F17,0) -> 299
A20: 🧠 KEY BUSINESS INSIGHTS & HR RECOMMENDATIONS
A21: 🏆 Top Performer Dept | D21: Technology consistently leads in Performance Score (avg >7.5). Recognize and replicate best practices.
A22: 📉 Attendance Alert | D22: Sales team shows highest absenteeism rate (>15%). HR should investigate workload and travel patterns.
A23: 💡 Productivity Gap | D23: Achievement % drops in March across all departments. Investigate target-setting fairness for that month.
A24: 💰 Bonus Impact | D24: 68% of high-performing employees are bonus-eligible. Review policy to improve retention of top talent.
A25: ⚠️ Risk Employees | D25: Employees with both low attendance and low performance need immediate HR intervention and PIP plan.
A26: 📈 WFH Observation | D26: WFH days correlate with maintained performance levels — consider formalizing flexible work policy.
A29: 📚 EXCEL FORMULA GUIDE — Key Formulas Used in This Dashboard
A30: Formula Name | B30: Excel Syntax | K30: What It Does
A31: SUMIF | B31: =SUMIF(C3:C122,"Technology",U3:U122) -> 0 | K31: Sum tasks for Technology dept only
A32: SUMIFS | B32: =SUMIFS(U3:U122,C3:C122,"Tech",K3:K122,"Jan") -> 0 | K32: Sum tasks for dept AND month combo
A33: COUNTIFS | B33: =COUNTIFS(Z3:Z122,">="&8.5,K3:K122,"Jan") -> 0 | K33: Count high performers in Jan
A34: AVERAGEIF | B34: AVERAGEIF(C3:C122, "HR", Z3:Z122) | K34: Average performance for HR dept
A35: IFERROR | B35: IFERROR(Tasks_Done / Target, 0) | K35: Prevent division by zero errors in achievement percentage calculation
A36: IF | B36: =IF(Z3>=8.5,"Excellent",IF(Z3>=7,"Good","Average")) -> Average | K36: Grade employees by score
A37: VLOOKUP | B37: VLOOKUP(A3, Employee_Table, 4, 0) | K37: Pull Job Role by Employee ID
A38: INDEX-MATCH | B38: INDEX(D3:D122, MATCH("EMP001", A3:A122, 0)) | K38: Flexible lookup — better than VLOOKUP
A39: Att% | B39: Present_Days / Working_Days | K39: Attendance percentage formula
A40: Achievement% | B40: Tasks_Completed / Target_Tasks | K40: Task achievement percentage formula

Sheet Raw Data
A1: 👥 HR Employee Performance & Attendance — Raw Data | Jan–Jun 2025
A2: Employee ID | B2: Employee Name | C2: Department | D2: Job Role | E2: Location | F2: Gender | G2: Date of Joining | H2: Manager | I2: Employment Type | J2: Grade | K2: Month | L2: Working Days | M2: Present Days | N2: Absent Days | O2: Leave Days | P2: WFH Days | Q2: Attendance % | R2: Working Hours | S2: Overtime Hours | T2: Target Tasks | U2: Tasks Completed | V2: Achievement % | W2: KRA Score (Avg) | X2: Manager Score (0-5) | Y2: Peer Score (0-5) | Z2: Performance Score (0-10) | AA2: Manager Rating (0-10) | AB2: Base Salary | AC2: Bonus Eligibility | AD2: Risk Tag | AE2: Remarks
A3: EMP001 | B3: Aarav Sharma | C3: Technology | D3: Software Engineer | E3: Mumbai | F3: Male | G3: 2021-03-15 | H3: Rajesh Kumar | I3: Full-Time | J3: L2 | K3: Jan | L3: 23 | M3: 22 | N3: 0 | O3: 1 | P3: 0 | Q3: 0.9565 | R3: 188.2 | S3: 4.9 | T3: 19 | U3: 13 | V3: 0.6842 | W3: 3.97 | X3: 3.6 | Y3: 3.1 | Z3: 7.5 | AA3: 7.2 | AB3: 55000 | AC3: Yes | AD3: OK | AE3: Good
A4: EMP001 | B4: Aarav Sharma | C4: Technology | D4: Software Engineer | E4: Mumbai | F4: Male | G4: 2021-03-15 | H4: Rajesh Kumar | I4: Full-Time | J4: L2 | K4: Feb | L4: 20 | M4: 15 | N4: 1 | O4: 4 | P4: 4 | Q4: 0.75 | R4: 128.1 | S4: 11.2 | T4: 35 | U4: 39 | V4: 1.1143 | W4: 3.63 | X4: 4.7 | Y4: 4.5 | Z4: 8.1 | AA4: 9.4 | AB4: 55000 | AC4: No | AD4: Attendance Risk | AE4: Good
A5: EMP001 | B5: Aarav Sharma | C5: Technology | D5: Software Engineer | E5: Mumbai | F5: Male | G5: 2021-03-15 | H5: Rajesh Kumar | I5: Full-Time | J5: L2 | K5: Mar | L5: 21 | M5: 16 | N5: 3 | O5: 2 | P5: 2 | Q5: 0.7619 | R5: 126.3 | S5: 4.3 | T5: 25 | U5: 17 | V5: 0.68 | W5: 3.67 | X5: 4 | Y5: 4.6 | Z5: 7.7 | AA5: 8 | AB5: 55000 | AC5: No | AD5: Attendance Risk | AE5: Good
A6: EMP001 | B6: Aarav Sharma | C6: Technology | D6: Software Engineer | E6: Mumbai | F6: Male | G6: 2021-03-15 | H6: Rajesh Kumar | I6: Full-Time | J6: L2 | K6: Apr | L6: 22 | M6: 21 | N6: 1 | O6: 0 | P6: 4 | Q6: 0.9545 | R6: 161.7 | S6: 18.4 | T6: 17 | U6: 19 | V6: 1.1176 | W6: 4.2 | X6: 3.4 | Y6: 3.4 | Z6: 7.8 | AA6: 6.8 | AB6: 55000 | AC6: Yes | AD6: OK | AE6: Good
A7: EMP001 | B7: Aarav Sharma | C7: Technology | D7: Software Engineer | E7: Mumbai | F7: Male | G7: 2021-03-15 | H7: Rajesh Kumar | I7: Full-Time | J7: L2 | K7: May | L7: 21 | M7: 15 | N7: 0 | O7: 6 | P7: 5 | Q7: 0.7143 | R7: 116.8 | S7: 5.8 | T7: 17 | U7: 14 | V7: 0.8235 | W7: 4.03 | X7: 4.6 | Y7: 3.3 | Z7: 8.3 | AA7: 9.2 | AB7: 55000 | AC7: No | AD7: Attendance Risk | AE7: Good
A8: EMP001 | B8: Aarav Sharma | C8: Technology | D8: Software Engineer | E8: Mumbai | F8: Male | G8: 2021-03-15 | H8: Rajesh Kumar | I8: Full-Time | J8: L2 | K8: Jun | L8: 20 | M8: 16 | N8: 1 | O8: 3 | P8: 5 | Q8: 0.8 | R8: 126 | S8: 18.7 | T8: 35 | U8: 24 | V8: 0.6857 | W8: 3.93 | X8: 2.9 | Y8: 3.8 | Z8: 7.2 | AA8: 5.8 | AB8: 55000 | AC8: No | AD8: Attendance Risk | AE8: Good
A9: EMP002 | B9: Priya Patel | C9: Technology | D9: Senior Developer | E9: Bangalore | F9: Female | G9: 2019-07-22 | H9: Rajesh Kumar | I9: Full-Time | J9: L3 | K9: Jan | L9: 23 | M9: 22 | N9: 0 | O9: 1 | P9: 5 | Q9: 0.9565 | R9: 175.7 | S9: 15.4 | T9: 16 | U9: 13 | V9: 0.8125 | W9: 4.23 | X9: 2.7 | Y9: 4.8 | Z9: 7.7 | AA9: 5.4 | AB9: 75000 | AC9: Yes | AD9: OK | AE9: Good
A10: EMP002 | B10: Priya Patel | C10: Technology | D10: Senior Developer | E10: Bangalore | F10: Female | G10: 2019-07-22 | H10: Rajesh Kumar | I10: Full-Time | J10: L3 | K10: Feb | L10: 20 | M10: 18 | N10: 2 | O10: 0 | P10: 2 | Q10: 0.9 | R10: 140.4 | S10: 10 | T10: 35 | U10: 36 | V10: 1.0286 | W10: 3.67 | X10: 3.8 | Y10: 4.5 | Z10: 7.6 | AA10: 7.6 | AB10: 75000 | AC10: Yes | AD10: OK | AE10: Good
A11: EMP002 | B11: Priya Patel | C11: Technology | D11: Senior Developer | E11: Bangalore | F11: Female | G11: 2019-07-22 | H11: Rajesh Kumar | I11: Full-Time | J11: L3 | K11: Mar | L11: 21 | M11: 18 | N11: 3 | O11: 0 | P11: 2 | Q11: 0.8571 | R11: 140.6 | S11: 20 | T11: 31 | U11: 35 | V11: 1.129 | W11: 3.03 | X11: 4.1 | Y11: 4.6 | Z11: 7 | AA11: 8.2 | AB11: 75000 | AC11: No | AD11: OK | AE11: Good
A12: EMP002 | B12: Priya Patel | C12: Technology | D12: Senior Developer | E12: Bangalore | F12: Female | G12: 2019-07-22 | H12: Rajesh Kumar | I12: Full-Time | J12: L3 | K12: Apr | L12: 22 | M12: 19 | N12: 0 | O12: 3 | P12: 3 | Q12: 0.8636 | R12: 153.4 | S12: 19.9 | T12: 31 | U12: 28 | V12: 0.9032 | W12: 4.03 | X12: 4.3 | Y12: 4.4 | Z12: 8.3 | AA12: 8.6 | AB12: 75000 | AC12: Yes | AD12: OK | AE12: Good
A13: EMP002 | B13: Priya Patel | C13: Technology | D13: Senior Developer | E13: Bangalore | F13: Female | G13: 2019-07-22 | H13: Rajesh Kumar | I13: Full-Time | J13: L3 | K13: May | L13: 21 | M13: 19 | N13: 1 | O13: 1 | P13: 5 | Q13: 0.9048 | R13: 152.2 | S13: 5.9 | T13: 20 | U13: 20 | V13: 1 | W13: 3.9 | X13: 4.9 | Y13: 4.5 | Z13: 8.5 | AA13: 9.8 | AB13: 75000 | AC13: Yes | AD13: OK | AE13: Excellent
A14: EMP002 | B14: Priya Patel | C14: Technology | D14: Senior Developer | E14: Bangalore | F14: Female | G14: 2019-07-22 | H14: Rajesh Kumar | I14: Full-Time | J14: L3 | K14: Jun | L14: 20 | M14: 18 | N14: 0 | O14: 2 | P14: 5 | Q14: 0.9 | R14: 143 | S14: 12.8 | T14: 34 | U14: 28 | V14: 0.8235 | W14: 3.87 | X14: 4.4 | Y14: 4.1 | Z14: 8.1 | AA14: 8.8 | AB14: 75000 | AC14: Yes | AD14: OK | AE14: Good
... A122: EMP020 | B122: Lakshmi Nair | C122: Operations | D122: Process Analyst | E122: Kochi | F122: Female | G122: 2019-03-28 | H122: Meena Krishnan | I122: Full-Time | J122: L3 | K122: Jun | L122: 20 | M122: 15 | N122: 0 | O122: 5 | P122: 3 | Q122: 0.75 | R122: 113.1 | S122: 18 | T122: 25 | U122: 27 | V122: 1.08 | W122: 3.37 | X122: 4.3 | Y122: 5 | Z122: 7.6 | AA122: 8.6 | AB122: 75000 | AC122: No | AD122: Attendance Risk | AE122: Good

Sheet KPI Summary
A1: 📊 KPI Summary — HR Performance & Attendance Analytics
A2: Jan – Jun 2025 • All 20 Employees • 6 Departments • 5 Locations
A4: 👥 Total Employees | C4: 📈 Avg Performance | E4: 📅 Avg Attendance % | G4: ✅ Tasks Completed | I4: 🎁 Bonus Eligible
A5: =COUNTA(_xludf.unique('Raw Data'!A3:A122)) -> 1 | C5: =ROUND(AVERAGE('Raw Data'!Z3:Z122),1) -> 7.8 | E5: =ROUND(AVERAGE('Raw Data'!Q3:Q122),3) -> 0.861 | G5: =SUM('Raw Data'!U3:U122) -> 2718 | I5: =COUNTIF('Raw Data'!AC3:AC122,"Yes") -> 47
A7: 🏆 High Performers | C7: ⚠️ Low Performers | E7: 🔴 High Risk Staff | G7: ⏰ Total Overtime Hrs | I7: 📋 Total Targets Set
A8: =COUNTIF('Raw Data'!Z3:Z122,">="&8.5) -> 15 | C8: =COUNTIF('Raw Data'!Z3:Z122,"<"&6) -> 0 | E8: =COUNTIF('Raw Data'!AD3:AD122,"High Risk") -> 4 | G8: =SUM('Raw Data'!S3:S122) -> 1293 | I8: =SUM('Raw Data'!T3:T122) -> 3051
A10: 📊 DEPARTMENT-WISE SUMMARY
A11: Department | B11: Employees | C11: Avg Attendance % | D11: Avg Performance | E11: Total Tasks Done | F11: Total Target | G11: Achievement % | H11: Avg OT Hours | I11: High Performers | J11: Risk Count
A12: Technology | B12: =COUNTIFS('Raw Data'!C3:C122,"Technology",'Raw Data'!K3:K122,"Jan") -> 6 | C12: =IFERROR(AVERAGEIF('Raw Data'!C3:C122,"Technology",'Raw Data'!Q3:Q122),0) -> 0.85504167 | D12: =IFERROR(AVERAGEIF('Raw Data'!C3:C122,"Technology",'Raw Data'!Z3:Z122),0) -> 7.8111111 | E12: =SUMIF('Raw Data'!C3:C122,"Technology",'Raw Data'!U3:U122) -> 787 | F12: =SUMIF('Raw Data'!C3:C122,"Technology",'Raw Data'!T3:T122) -> 866 | G12: =IFERROR(E12/F12,0) -> 0.90877598 | H12: =IFERROR(AVERAGEIF('Raw Data'!C3:C122,"Technology",'Raw Data'!S3:S122),0) -> 12.083333 | I12: =COUNTIFS('Raw Data'!C3:C122,"Technology",'Raw Data'!Z3:Z122,">="&8.5) -> 4 | J12: =COUNTIFS('Raw Data'!C3:C122,"Technology",'Raw Data'!AD3:AD122,"High Risk") -> 0
A13: HR | B13: =COUNTIFS('Raw Data'!C3:C122,"HR",'Raw Data'!K3:K122,"Jan") -> 3 | C13: =IFERROR(AVERAGEIF('Raw Data'!C3:C122,"HR",'Raw Data'!Q3:Q122),0) -> 0.871 | D13: =IFERROR(AVERAGEIF('Raw Data'!C3:C122,"HR",'Raw Data'!Z3:Z122),0) -> 7.3333333 | E13: =SUMIF('Raw Data'!C3:C122,"HR",'Raw Data'!U3:U122) -> 436 | F13: =SUMIF('Raw Data'!C3:C122,"HR",'Raw Data'!T3:T122) -> 516 | G13: =IFERROR(E13/F13,0) -> 0.84496124 | H13: =IFERROR(AVERAGEIF('Raw Data'!C3:C122,"HR",'Raw Data'!S3:S122),0) -> 9.35 | I13: =COUNTIFS('Raw Data'!C3:C122,"HR",'Raw Data'!Z3:Z122,">="&8.5) -> 1 | J13: =COUNTIFS('Raw Data'!C3:C122,"HR",'Raw Data'!AD3:AD122,"High Risk") -> 3
A14: Finance | B14: =COUNTIFS('Raw Data'!C3:C122,"Finance",'Raw Data'!K3:K122,"Jan") -> 3 | C14: =IFERROR(AVERAGEIF('Raw Data'!C3:C122,"Finance",'Raw Data'!Q3:Q122),0) -> 0.86638889 | D14: =IFERROR(AVERAGEIF('Raw Data'!C3:C122,"Finance",'Raw Data'!Z3:Z122),0) -> 7.8222222 | E14: =SUMIF('Raw Data'!C3:C122,"Finance",'Raw Data'!U3:U122) -> 411 | F14: =SUMIF('Raw Data'!C3:C122,"Finance",'Raw Data'!T3:T122) -> 476 | G14: =IFERROR(E14/F14,0) -> 0.86344538 | H14: =IFERROR(AVERAGEIF('Raw Data'!C3:C122,"Finance",'Raw Data'!S3:S122),0) -> 10.427778 | I14: =COUNTIFS('Raw Data'!C3:C122,"Finance",'Raw Data'!Z3:Z122,">="&8.5) -> 2 | J14: =COUNTIFS('Raw Data'!C3:C122,"Finance",'Raw Data'!AD3:AD122,"High Risk") -> 0
A15: Sales | B15: =COUNTIFS('Raw Data'!C3:C122,"Sales",'Raw Data'!K3:K122,"Jan") -> 3 | C15: =IFERROR(AVERAGEIF('Raw Data'!C3:C122,"Sales",'Raw Data'!Q3:Q122),0) -> 0.86257778 | D15: =IFERROR(AVERAGEIF('Raw Data'!C3:C122,"Sales",'Raw Data'!Z3:Z122),0) -> 7.7555556 | E15: =SUMIF('Raw Data'!C3:C122,"Sales",'Raw Data'!U3:U122) -> 414 | F15: =SUMIF('Raw Data'!C3:C122,"Sales",'Raw Data'!T3:T122) -> 452 | G15: =IFERROR(E15/F15,0) -> 0.9159292 | H15: =IFERROR(AVERAGEIF('Raw Data'!C3:C122,"Sales",'Raw Data'!S3:S122),0) -> 10.794444 | I15: =COUNTIFS('Raw Data'!C3:C122,"Sales",'Raw Data'!Z3:Z122,">="&8.5) -> 1 | J15: =COUNTIFS('Raw Data'!C3:C122,"Sales",'Raw Data'!AD3:AD122,"High Risk") -> 0
A16: Operations | B16: =COUNTIFS('Raw Data'!C3:C122,"Operations",'Raw Data'!K3:K122,"Jan") -> 3 | C16: =IFERROR(AVERAGEIF('Raw Data'!C3:C122,"Operations",'Raw Data'!Q3:Q122),0) -> 0.85255556 | D16: =IFERROR(AVERAGEIF('Raw Data'!C3:C122,"Operations",'Raw Data'!Z3:Z122),0) -> 8.0944444 | E16: =SUMIF('Raw Data'!C3:C122,"Operations",'Raw Data'!U3:U122) -> 406 | F16: =SUMIF('Raw Data'!C3:C122,"Operations",'Raw Data'!T3:T122) -> 442 | G16: =IFERROR(E16/F16,0) -> 0.91855204 | H16: =IFERROR(AVERAGEIF('Raw Data'!C3:C122,"Operations",'Raw Data'!S3:S122),0) -> 10.261111 | I16: =COUNTIFS('Raw Data'!C3:C122,"Operations",'Raw Data'!Z3:Z122,">="&8.5) -> 5 | J16: =COUNTIFS('Raw Data'!C3:C122,"Operations",'Raw Data'!AD3:AD122,"High Risk") -> 0
A17: Marketing | B17: =COUNTIFS('Raw Data'!C3:C122,"Marketing",'Raw Data'!K3:K122,"Jan") -> 2 | C17: =IFERROR(AVERAGEIF('Raw Data'!C3:C122,"Marketing",'Raw Data'!Q3:Q122),0) -> 0.86471667 | D17: =IFERROR(AVERAGEIF('Raw Data'!C3:C122,"Marketing",'Raw Data'!Z3:Z122),0) -> 7.7666667 | E17: =SUMIF('Raw Data'!C3:C122,"Marketing",'Raw Data'!U3:U122) -> 264 | F17: =SUMIF('Raw Data'!C3:C122,"Marketing",'Raw Data'!T3:T122) -> 299 | G17: =IFERROR(E17/F17,0) -> 0.88294314 | H17: =IFERROR(AVERAGEIF('Raw Data'!C3:C122,"Marketing",'Raw Data'!S3:S122),0) -> 10.25 | I17: =COUNTIFS('Raw Data'!C3:C122,"Marketing",'Raw Data'!Z3:Z122,">="&8.5) -> 2 | J17: =COUNTIFS('Raw Data'!C3:C122,"Marketing",'Raw Data'!AD3:AD122,"High Risk") -> 1

Sheet Performance Analysis
A1: 📈 Performance Analysis — Employee-wise & Monthly Breakdown
A3: 📅 MONTHLY PERFORMANCE TREND (All Employees)
A4: Month | B4: Working Days | C4: Avg Attendance % | D4: Avg Performance Score | E4: Total Tasks Done | F4: Total Target | G4: Avg Achievement %
A5: Jan | B5: 23 | C5: =IFERROR(AVERAGEIF('Raw Data'!K3:K122,"Jan",'Raw Data'!Q3:Q122),0) -> 0.89565 | D5: =IFERROR(AVERAGEIF('Raw Data'!K3:K122,"Jan",'Raw Data'!Z3:Z122),0) -> 7.905 | E5: =SUMIF('Raw Data'!K3:K122,"Jan",'Raw Data'!U3:U122) -> 417 | F5: =SUMIF('Raw Data'!K3:K122,"Jan",'Raw Data'!T3:T122) -> 470 | G5: =IFERROR(E5/F5,0) -> 0.88723404
A6: Feb | B6: 20 | C6: =IFERROR(AVERAGEIF('Raw Data'!K3:K122,"Feb",'Raw Data'!Q3:Q122),0) -> 0.8425 | D6: =IFERROR(AVERAGEIF('Raw Data'!K3:K122,"Feb",'Raw Data'!Z3:Z122),0) -> 7.67 | E6: =SUMIF('Raw Data'!K3:K122,"Feb",'Raw Data'!U3:U122) -> 437 | F6: =SUMIF('Raw Data'!K3:K122,"Feb",'Raw Data'!T3:T122) -> 498 | G6: =IFERROR(E6/F6,0) -> 0.87751004
A7: Mar | B7: 21 | C7: =IFERROR(AVERAGEIF('Raw Data'!K3:K122,"Mar",'Raw Data'!Q3:Q122),0) -> 0.835705 | D7: =IFERROR(AVERAGEIF('Raw Data'!K3:K122,"Mar",'Raw Data'!Z3:Z122),0) -> 7.635 | E7: =SUMIF('Raw Data'!K3:K122,"Mar",'Raw Data'!U3:U122) -> 495 | F7: =SUMIF('Raw Data'!K3:K122,"Mar",'Raw Data'!T3:T122) -> 549 | G7: =IFERROR(E7/F7,0) -> 0.90163934
A8: Apr | B8: 22 | C8: =IFERROR(AVERAGEIF('Raw Data'!K3:K122,"Apr",'Raw Data'!Q3:Q122),0) -> 0.879535 | D8: =IFERROR(AVERAGEIF('Raw Data'!K3:K122,"Apr",'Raw Data'!Z3:Z122),0) -> 7.67 | E8: =SUMIF('Raw Data'!K3:K122,"Apr",'Raw Data'!U3:U122) -> 454 | F8: =SUMIF('Raw Data'!K3:K122,"Apr",'Raw Data'!T3:T122) -> 493 | G8: =IFERROR(E8/F8,0) -> 0.92089249
A9: May | B9: 21 | C9: =IFERROR(AVERAGEIF('Raw Data'!K3:K122,"May",'Raw Data'!Q3:Q122),0) -> 0.864285 | D9: =IFERROR(AVERAGEIF('Raw Data'!K3:K122,"May",'Raw Data'!Z3:Z122),0) -> 7.8 | E9: =SUMIF('Raw Data'!K3:K122,"May",'Raw Data'!U3:U122) -> 450 | F9: =SUMIF('Raw Data'!K3:K122,"May",'Raw Data'!T3:T122) -> 507 | G9: =IFERROR(E9/F9,0) -> 0.88757396
A10: Jun | B10: 20 | C10: =IFERROR(AVERAGEIF('Raw Data'!K3:K122,"Jun",'Raw Data'!Q3:Q122),0) -> 0.8475 | D10: =IFERROR(AVERAGEIF('Raw Data'!K3:K122,"Jun",'Raw Data'!Z3:Z122),0) -> 7.945 | E10: =SUMIF('Raw Data'!K3:K122,"Jun",'Raw Data'!U3:U122) -> 465 | F10: =SUMIF('Raw Data'!K3:K122,"Jun",'Raw Data'!T3:T122) -> 534 | G10: =IFERROR(E10/F10,0) -> 0.87078652
A12: 🏅 EMPLOYEE PERFORMANCE SCORECARD (Overall Average Across All Months)
A13: Employee ID | B13: Employee Name | C13: Department | D13: Job Role | E13: Avg Attendance % | F13: Avg Performance | G13: Total Tasks | H13: Total Target | I13: Avg Achievement % | J13: Bonus Count | K13: Risk Assessment
A14: EMP001 | B14: Aarav Sharma | C14: Technology | D14: Software Engineer | E14: =IFERROR(AVERAGEIF('Raw Data'!A3:A122,"EMP001",'Raw Data'!Q3:Q122),0) -> 0.82286667 | F14: =IFERROR(AVERAGEIF('Raw Data'!A3:A122,"EMP001",'Raw Data'!Z3:Z122),0) -> 7.7666667 | G14: =SUMIF('Raw Data'!A3:A122,"EMP001",'Raw Data'!U3:U122) -> 126 | H14: =SUMIF('Raw Data'!A3:A122,"EMP001",'Raw Data'!T3:T122) -> 148 | I14: =IFERROR(G14/H14,0) -> 0.85135135 | J14: =COUNTIFS('Raw Data'!A3:A122,"EMP001",'Raw Data'!AC3:AC122,"Yes") -> 2 | K14: =IF(E14<0.85,IF(F14<7,"High Risk","Att. Risk"),IF(F14<6,"Perf. Risk","OK")) -> Att. Risk
A15: EMP002 | B15: Priya Patel | C15: Technology | D15: Senior Developer | E15: =IFERROR(AVERAGEIF('Raw Data'!A3:A122,"EMP002",'Raw Data'!Q3:Q122),0) -> 0.897 | F15: =IFERROR(AVERAGEIF('Raw Data'!A3:A122,"EMP002",'Raw Data'!Z3:Z122),0) -> 7.8666667 | G15: =SUMIF('Raw Data'!A3:A122,"EMP002",'Raw Data'!U3:U122) -> 160 | H15: =SUMIF('Raw Data'!A3:A122,"EMP002",'Raw Data'!T3:T122) -> 167 | I15: =IFERROR(G15/H15,0) -> 0.95808383 | J15: =COUNTIFS('Raw Data'!A3:A122,"EMP002",'Raw Data'!AC3:AC122,"Yes") -> 5 | K15: =IF(E15<0.85,IF(F15<7,"High Risk","Att. Risk"),IF(F15<6,"Perf. Risk","OK")) -> OK
A16: EMP003 | B16: Rohan Mehta | C16: HR | D16: HR Executive | E16: =IFERROR(AVERAGEIF('Raw Data'!A3:A122,"EMP003",'Raw Data'!Q3:Q122),0) -> 0.84216667 | F16: =IFERROR(AVERAGEIF('Raw Data'!A3:A122,"EMP003",'Raw Data'!Z3:Z122),0) -> 7.5 | G16: =SUMIF('Raw Data'!A3:A122,"EMP003",'Raw Data'!U3:U122) -> 152 | H16: =SUMIF('Raw Data'!A3:A122,"EMP003",'Raw Data'!T3:T122) -> 182 | I16: =IFERROR(G16/H16,0) -> 0.83516484 | J16: =COUNTIFS('Raw Data'!A3:A122,"EMP003",'Raw Data'!AC3:AC122,"Yes") -> 1 | K16: =IF(E16<0.85,IF(F16<7,"High Risk","Att. Risk"),IF(F16<6,"Perf. Risk","OK")) -> Att. Risk
A17: EMP004 | B17: Sneha Joshi | C17: Finance | D17: Financial Analyst | E17: =IFERROR(AVERAGEIF('Raw Data'!A3:A122,"EMP004",'Raw Data'!Q3:Q122),0) -> 0.92076667 | F17: =IFERROR(AVERAGEIF('Raw Data'!A3:A122,"EMP004",'Raw Data'!Z3:Z122),0) -> 7.4666667 | G17: =SUMIF('Raw Data'!A3:A122,"EMP004",'Raw Data'!U3:U122) -> 136 | H17: =SUMIF('Raw Data'!A3:A122,"EMP004",'Raw Data'!T3:T122) -> 154 | I17: =IFERROR(G17/H17,0) -> 0.88311688 | J17: =COUNTIFS('Raw Data'!A3:A122,"EMP004",'Raw Data'!AC3:AC122,"Yes") -> 3 | K17: =IF(E17<0.85,IF(F17<7,"High Risk","Att. Risk"),IF(F17<6,"Perf. Risk","OK")) -> OK
A18: EMP005 | B18: Arjun Nair | C18: Sales | D18: Sales Manager | E18: =IFERROR(AVERAGEIF('Raw Data'!A3:A122,"EMP005",'Raw Data'!Q3:Q122),0) -> 0.86661667 | F18: =IFERROR(AVERAGEIF('Raw Data'!A3:A122,"EMP005",'Raw Data'!Z3:Z122),0) -> 7.7666667 | G18: =SUMIF('Raw Data'!A3:A122,"EMP005",'Raw Data'!U3:U122) -> 107 | H18: =SUMIF('Raw Data'!A3:A122,"EMP005",'Raw Data'!T3:T122) -> 127 | I18: =IFERROR(G18/H18,0) -> 0.84251969 | J18: =COUNTIFS('Raw Data'!A3:A122,"EMP005",'Raw Data'!AC3:AC122,"Yes") -> 2 | K18: =IF(E18<0.85,IF(F18<7,"High Risk","Att. Risk"),IF(F18<6,"Perf. Risk","OK")) -> OK
A19: EMP006 | B19: Divya Reddy | C19: Operations | D19: Operations Executive | E19: =IFERROR(AVERAGEIF('Raw Data'!A3:A122,"EMP006",'Raw Data'!Q3:Q122),0) -> 0.78141667 | F19: =IFERROR(AVERAGEIF('Raw Data'!A3:A122,"EMP006",'Raw Data'!Z3:Z122),0) -> 8.4166667 | G19: =SUMIF('Raw Data'!A3:A122,"EMP006",'Raw Data'!U3:U122) -> 118 | H19: =SUMIF('Raw Data'!A3:A122,"EMP006",'Raw Data'!T3:T122) -> 139 | I19: =IFERROR(G19/H19,0) -> 0.84892086 | J19: =COUNTIFS('Raw Data'!A3:A122,"EMP006",'Raw Data'!AC3:AC122,"Yes") -> 1 | K19: =IF(E19<0.85,IF(F19<7,"High Risk","Att. Risk"),IF(F19<6,"Perf. Risk","OK")) -> Att. Risk
A20: EMP007 | B20: Karan Verma | C20: Technology | D20: DevOps Engineer | E20: =IFERROR(AVERAGEIF('Raw Data'!A3:A122,"EMP007",'Raw Data'!Q3:Q122),0) -> 0.8757 | F20: =IFERROR(AVERAGEIF('Raw Data'!A3:A122,"EMP007",'Raw Data'!Z3:Z122),0) -> 7.85 | G20: =SUMIF('Raw Data'!A3:A122,"EMP007",'Raw Data'!U3:U122) -> 147 | H20: =SUMIF('Raw Data'!A3:A122,"EMP007",'Raw Data'!T3:T122) -> 155 | I20: =IFERROR(G20/H20,0) -> 0.9483871 | J20: =COUNTIFS('Raw Data'!A3:A122,"EMP007",'Raw Data'!AC3:AC122,"Yes") -> 3 | K20: =IF(E20<0.85,IF(F20<7,"High Risk","Att. Risk"),IF(F20<6,"Perf. Risk","OK")) -> OK
A21: EMP008 | B21: Ananya Singh | C21: Marketing | D21: Marketing Analyst | E21: =IFERROR(AVERAGEIF('Raw Data'!A3:A122,"EMP008",'Raw Data'!Q3:Q122),0) -> 0.87063333 | F21: =IFERROR(AVERAGEIF('Raw Data'!A3:A122,"EMP008",'Raw Data'!Z3:Z122),0) -> 7.9666667 | G21: =SUMIF('Raw Data'!A3:A122,"EMP008",'Raw Data'!U3:U122) -> 127 | H21: =SUMIF('Raw Data'!A3:A122,"EMP008",'Raw Data'!T3:T122) -> 145 | I21: =IFERROR(G21/H21,0) -> 0.87586207 | J21: =COUNTIFS('Raw Data'!A3:A122,"EMP008",'Raw Data'!AC3:AC122,"Yes") -> 2 | K21: =IF(E21<0.85,IF(F21<7,"High Risk","Att. Risk"),IF(F21<6,"Perf. Risk","OK")) -> OK
A22: EMP009 | B22: Vikram Gupta | C22: Finance | D22: Senior Analyst | E22: =IFERROR(AVERAGEIF('Raw Data'!A3:A122,"EMP009",'Raw Data'!Q3:Q122),0) -> 0.81615 | F22: =IFERROR(AVERAGEIF('Raw Data'!A3:A122,"EMP009",'Raw Data'!Z3:Z122),0) -> 8.0833333 | G22: =SUMIF('Raw Data'!A3:A122,"EMP009",'Raw Data'!U3:U122) -> 141 | H22: =SUMIF('Raw Data'!A3:A122,"EMP009",'Raw Data'!T3:T122) -> 163 | I22: =IFERROR(G22/H22,0) -> 0.86503067 | J22: =COUNTIFS('Raw Data'!A3:A122,"EMP009",'Raw Data'!AC3:AC122,"Yes") -> 2 | K22: =IF(E22<0.85,IF(F22<7,"High Risk","Att. Risk"),IF(F22<6,"Perf. Risk","OK")) -> Att. Risk
A23: EMP010 | B23: Meera Iyer | C23: Sales | D23: Business Development | E23: =IFERROR(AVERAGEIF('Raw Data'!A3:A122,"EMP010",'Raw Data'!Q3:Q122),0) -> 0.87885 | F23: =IFERROR(AVERAGEIF('Raw Data'!A3:A122,"EMP010",'Raw Data'!Z3:Z122),0) -> 7.6833333 | G23: =SUMIF('Raw Data'!A3:A122,"EMP010",'Raw Data'!U3:U122) -> 171 | H23: =SUMIF('Raw Data'!A3:A122,"EMP010",'Raw Data'!T3:T122) -> 175 | I23: =IFERROR(G23/H23,0) -> 0.97714286 | J23: =COUNTIFS('Raw Data'!A3:A122,"EMP010",'Raw Data'!AC3:AC122,"Yes") -> 3 | K23: =IF(E23<0.85,IF(F23<7,"High Risk","Att. Risk"),IF(F23<6,"Perf. Risk","OK")) -> OK
A24: EMP011 | B24: Rahul Desai | C24: Technology | D24: QA Engineer | E24: =IFERROR(AVERAGEIF('Raw Data'!A3:A122,"EMP011",'Raw Data'!Q3:Q122),0) -> 0.79385 | F24: =IFERROR(AVERAGEIF('Raw Data'!A3:A122,"EMP011",'Raw Data'!Z3:Z122),0) -> 8.1666667 | G24: =SUMIF('Raw Data'!A3:A122,"EMP011",'Raw Data'!U3:U122) -> 117 | H24: =SUMIF('Raw Data'!A3:A122,"EMP011",'Raw Data'!T3:T122) -> 126 | I24: =IFERROR(G24/H24,0) -> 0.92857143 | J24: =COUNTIFS('Raw Data'!A3:A122,"EMP011",'Raw Data'!AC3:AC122,"Yes") -> 1 | K24: =IF(E24<0.85,IF(F24<7,"High Risk","Att. Risk"),IF(F24<6,"Perf. Risk","OK")) -> Att. Risk
A25: EMP012 | B25: Pooja Mishra | C25: HR | D25: HR Manager | E25: =IFERROR(AVERAGEIF('Raw Data'!A3:A122,"EMP012",'Raw Data'!Q3:Q122),0) -> 0.85076667 | F25: =IFERROR(AVERAGEIF('Raw Data'!A3:A122,"EMP012",'Raw Data'!Z3:Z122),0) -> 7.2 | G25: =SUMIF('Raw Data'!A3:A122,"EMP012",'Raw Data'!U3:U122) -> 159 | H25: =SUMIF('Raw Data'!A3:A122,"EMP012",'Raw Data'!T3:T122) -> 177 | I25: =IFERROR(G25/H25,0) -> 0.89830508 | J25: =COUNTIFS('Raw Data'!A3:A122,"EMP012",'Raw Data'!AC3:AC122,"Yes") -> 2 | K25: =IF(E25<0.85,IF(F25<7,"High Risk","Att. Risk"),IF(F25<6,"Perf. Risk","OK")) -> OK
A26: EMP013 | B26: Suresh Pillai | C26: Operations | D26: Operations Manager | E26: =IFERROR(AVERAGEIF('Raw Data'!A3:A122,"EMP013",'Raw Data'!Q3:Q122),0) -> 0.88036667 | F26: =IFERROR(AVERAGEIF('Raw Data'!A3:A122,"EMP013",'Raw Data'!Z3:Z122),0) -> 8.2333333 | G26: =SUMIF('Raw Data'!A3:A122,"EMP013",'Raw Data'!U3:U122) -> 149 | H26: =SUMIF('Raw Data'!A3:A122,"EMP013",'Raw Data'!T3:T122) -> 146 | I26: =IFERROR(G26/H26,0) -> 1.0205479 | J26: =COUNTIFS('Raw Data'!A3:A122,"EMP013",'Raw Data'!AC3:AC122,"Yes") -> 4 | K26: =IF(E26<0.85,IF(F26<7,"High Risk","Att. Risk"),IF(F26<6,"Perf. Risk","OK")) -> OK
A27: EMP014 | B27: Kavya Nambiar | C27: Marketing | D27: Content Strategist | E27: =IFERROR(AVERAGEIF('Raw Data'!A3:A122,"EMP014",'Raw Data'!Q3:Q122),0) -> 0.8588 | F27: =IFERROR(AVERAGEIF('Raw Data'!A3:A122,"EMP014",'Raw Data'!Z3:Z122),0) -> 7.5666667 | G27: =SUMIF('Raw Data'!A3:A122,"EMP014",'Raw Data'!U3:U122) -> 137 | H27: =SUMIF('Raw Data'!A3:A122,"EMP014",'Raw Data'!T3:T122) -> 154 | I27: =IFERROR(G27/H27,0) -> 0.88961039 | J27: =COUNTIFS('Raw Data'!A3:A122,"EMP014",'Raw Data'!AC3:AC122,"Yes") -> 3 | K27: =IF(E27<0.85,IF(F27<7,"High Risk","Att. Risk"),IF(F27<6,"Perf. Risk","OK")) -> OK
A28: EMP015 | B28: Aditya Banerjee | C28: Technology | D28: Tech Lead | E28: =IFERROR(AVERAGEIF('Raw Data'!A3:A122,"EMP015",'Raw Data'!Q3:Q122),0) -> 0.91398333 | F28: =IFERROR(AVERAGEIF('Raw Data'!A3:A122,"EMP015",'Raw Data'!Z3:Z122),0) -> 7.7666667 | G28: =SUMIF('Raw Data'!A3:A122,"EMP015",'Raw Data'!U3:U122) -> 117 | H28: =SUMIF('Raw Data'!A3:A122,"EMP015",'Raw Data'!T3:T122) -> 131 | I28: =IFERROR(G28/H28,0) -> 0.89312977 | J28: =COUNTIFS('Raw Data'!A3:A122,"EMP015",'Raw Data'!AC3:AC122,"Yes") -> 3 | K28: =IF(E28<0.85,IF(F28<7,"High Risk","Att. Risk"),IF(F28<6,"Perf. Risk","OK")) -> OK
A29: EMP016 | B29: Rekha Sharma | C29: Finance | D29: Finance Manager | E29: =IFERROR(AVERAGEIF('Raw Data'!A3:A122,"EMP016",'Raw Data'!Q3:Q122),0) -> 0.86225 | F29: =IFERROR(AVERAGEIF('Raw Data'!A3:A122,"EMP016",'Raw Data'!Z3:Z122),0) -> 7.9166667 | G29: =SUMIF('Raw Data'!A3:A122,"EMP016",'Raw Data'!U3:U122) -> 134 | H29: =SUMIF('Raw Data'!A3:A122,"EMP016",'Raw Data'!T3:T122) -> 159 | I29: =IFERROR(G29/H29,0) -> 0.8427673 | J29: =COUNTIFS('Raw Data'!A3:A122,"EMP016",'Raw Data'!AC3:AC122,"Yes") -> 2 | K29: =IF(E29<0.85,IF(F29<7,"High Risk","Att. Risk"),IF(F29<6,"Perf. Risk","OK")) -> OK
A30: EMP017 | B30: Nikhil Yadav | C30: Sales | D30: Sales Executive | E30: =IFERROR(AVERAGEIF('Raw Data'!A3:A122,"EMP017",'Raw Data'!Q3:Q122),0) -> 0.84226667 | F30: =IFERROR(AVERAGEIF('Raw Data'!A3:A122,"EMP017",'Raw Data'!Z3:Z122),0) -> 7.8166667 | G30: =SUMIF('Raw Data'!A3:A122,"EMP017",'Raw Data'!U3:U122) -> 136 | H30: =SUMIF('Raw Data'!A3:A122,"EMP017",'Raw Data'!T3:T122) -> 150 | I30: =IFERROR(G30/H30,0) -> 0.90666667 | J30: =COUNTIFS('Raw Data'!A3:A122,"EMP017",'Raw Data'!AC3:AC122,"Yes") -> 2 | K30: =IF(E30<0.85,IF(F30<7,"High Risk","Att. Risk"),IF(F30<6,"Perf. Risk","OK")) -> Att. Risk
A31: EMP018 | B31: Sonia Kapoor | C31: HR | D31: Talent Acquisition | E31: =IFERROR(AVERAGEIF('Raw Data'!A3:A122,"EMP018",'Raw Data'!Q3:Q122),0) -> 0.92006667 | F31: =IFERROR(AVERAGEIF('Raw Data'!A3:A122,"EMP018",'Raw Data'!Z3:Z122),0) -> 7.3 | G31: =SUMIF('Raw Data'!A3:A122,"EMP018",'Raw Data'!U3:U122) -> 125 | H31: =SUMIF('Raw Data'!A3:A122,"EMP018",'Raw Data'!T3:T122) -> 157 | I31: =IFERROR(G31/H31,0) -> 0.79617834 | J31: =COUNTIFS('Raw Data'!A3:A122,"EMP018",'Raw Data'!AC3:AC122,"Yes") -> 1 | K31: =IF(E31<0.85,IF(F31<7,"High Risk","Att. Risk"),IF(F31<6,"Perf. Risk","OK")) -> OK
A32: EMP019 | B32: Manish Tiwari | C32: Technology | D32: Data Analyst | E32: =IFERROR(AVERAGEIF('Raw Data'!A3:A122,"EMP019",'Raw Data'!Q3:Q122),0) -> 0.82685 | F32: =IFERROR(AVERAGEIF('Raw Data'!A3:A122,"EMP019",'Raw Data'!Z3:Z122),0) -> 7.45 | G32: =SUMIF('Raw Data'!A3:A122,"EMP019",'Raw Data'!U3:U122) -> 120 | H32: =SUMIF('Raw Data'!A3:A122,"EMP019",'Raw Data'!T3:T122) -> 139 | I32: =IFERROR(G32/H32,0) -> 0.86330935 | J32: =COUNTIFS('Raw Data'!A3:A122,"EMP019",'Raw Data'!AC3:AC122,"Yes") -> 2 | K32: =IF(E32<0.85,IF(F32<7,"High Risk","Att. Risk"),IF(F32<6,"Perf. Risk","OK")) -> Att. Risk
A33: EMP020 | B33: Lakshmi Nair | C33: Operations | D33: Process Analyst | E33: =IFERROR(AVERAGEIF('Raw Data'!A3:A122,"EMP020",'Raw Data'!Q3:Q122),0) -> 0.89588333 | F33: =IFERROR(AVERAGEIF('Raw Data'!A3:A122,"EMP020",'Raw Data'!Z3:Z122),0) -> 7.6333333 | G33: =SUMIF('Raw Data'!A3:A122,"EMP020",'Raw Data'!U3:U122) -> 139 | H33: =SUMIF('Raw Data'!A3:A122,"EMP020",'Raw Data'!T3:T122) -> 157 | I33: =IFERROR(G33/H33,0) -> 0.88535032 | J33: =COUNTIFS('Raw Data'!A3:A122,"EMP020",'Raw Data'!AC3:AC122,"Yes") -> 3 | K33: =IF(E33<0.85,IF(F33<7,"High Risk","Att. Risk"),IF(F33<6,"Perf. Risk","OK")) -> OK

Sheet Attendance Analysis
A1: 📅 Attendance Analysis — Department & Employee Breakdown
A3: 🏢 ATTENDANCE BY DEPARTMENT
A4: Department | B4: Total Present | C4: Total Absent | D4: Total Leave | E4: Total WFH | F4: Working Days | G4: Attendance % | H4: Absenteeism % | I4: Status
A5: Technology | B5: =SUMIF('Raw Data'!C3:C122,"Technology",'Raw Data'!M3:M122) -> 652 | C5: =SUMIF('Raw Data'!C3:C122,"Technology",'Raw Data'!N3:N122) -> 39 | D5: =SUMIF('Raw Data'!C3:C122,"Technology",'Raw Data'!O3:O122) -> 71 | E5: =SUMIF('Raw Data'!C3:C122,"Technology",'Raw Data'!P3:P122) -> 119 | F5: =SUMIF('Raw Data'!C3:C122,"Technology",'Raw Data'!L3:L122) -> 762 | G5: =IFERROR(B5/F5,0) -> 0.85564304 | H5: =IFERROR(C5/F5,0) -> 0.051181102 | I5: =IF(G5>=0.9,"✅ Good",IF(G5>=0.8,"⚠️ Monitor","🔴 Alert")) -> ⚠️ Monitor
A6: HR | B6: =SUMIF('Raw Data'!C3:C122,"HR",'Raw Data'!M3:M122) -> 332 | C6: =SUMIF('Raw Data'!C3:C122,"HR",'Raw Data'!N3:N122) -> 23 | D6: =SUMIF('Raw Data'!C3:C122,"HR",'Raw Data'!O3:O122) -> 26 | E6: =SUMIF('Raw Data'!C3:C122,"HR",'Raw Data'!P3:P122) -> 44 | F6: =SUMIF('Raw Data'!C3:C122,"HR",'Raw Data'!L3:L122) -> 381 | G6: =IFERROR(B6/F6,0) -> 0.87139108 | H6: =IFERROR(C6/F6,0) -> 0.060367454 | I6: =IF(G6>=0.9,"✅ Good",IF(G6>=0.8,"⚠️ Monitor","🔴 Alert")) -> ⚠️ Monitor
A7: Finance | B7: =SUMIF('Raw Data'!C3:C122,"Finance",'Raw Data'!M3:M122) -> 331 | C7: =SUMIF('Raw Data'!C3:C122,"Finance",'Raw Data'!N3:N122) -> 21 | D7: =SUMIF('Raw Data'!C3:C122,"Finance",'Raw Data'!O3:O122) -> 29 | E7: =SUMIF('Raw Data'!C3:C122,"Finance",'Raw Data'!P3:P122) -> 34 | F7: =SUMIF('Raw Data'!C3:C122,"Finance",'Raw Data'!L3:L122) -> 381 | G7: =IFERROR(B7/F7,0) -> 0.8687664 | H7: =IFERROR(C7/F7,0) -> 0.05511811 | I7: =IF(G7>=0.9,"✅ Good",IF(G7>=0.8,"⚠️ Monitor","🔴 Alert")) -> ⚠️ Monitor
A8: Sales | B8: =SUMIF('Raw Data'!C3:C122,"Sales",'Raw Data'!M3:M122) -> 329 | C8: =SUMIF('Raw Data'!C3:C122,"Sales",'Raw Data'!N3:N122) -> 14 | D8: =SUMIF('Raw Data'!C3:C122,"Sales",'Raw Data'!O3:O122) -> 38 | E8: =SUMIF('Raw Data'!C3:C122,"Sales",'Raw Data'!P3:P122) -> 42 | F8: =SUMIF('Raw Data'!C3:C122,"Sales",'Raw Data'!L3:L122) -> 381 | G8: =IFERROR(B8/F8,0) -> 0.86351706 | H8: =IFERROR(C8/F8,0) -> 0.036745407 | I8: =IF(G8>=0.9,"✅ Good",IF(G8>=0.8,"⚠️ Monitor","🔴 Alert")) -> ⚠️ Monitor
A9: Operations | B9: =SUMIF('Raw Data'!C3:C122,"Operations",'Raw Data'!M3:M122) -> 325 | C9: =SUMIF('Raw Data'!C3:C122,"Operations",'Raw Data'!N3:N122) -> 20 | D9: =SUMIF('Raw Data'!C3:C122,"Operations",'Raw Data'!O3:O122) -> 36 | E9: =SUMIF('Raw Data'!C3:C122,"Operations",'Raw Data'!P3:P122) -> 48 | F9: =SUMIF('Raw Data'!C3:C122,"Operations",'Raw Data'!L3:L122) -> 381 | G9: =IFERROR(B9/F9,0) -> 0.85301837 | H9: =IFERROR(C9/F9,0) -> 0.052493438 | I9: =IF(G9>=0.9,"✅ Good",IF(G9>=0.8,"⚠️ Monitor","🔴 Alert")) -> ⚠️ Monitor
A10: Marketing | B10: =SUMIF('Raw Data'!C3:C122,"Marketing",'Raw Data'!M3:M122) -> 220 | C10: =SUMIF('Raw Data'!C3:C122,"Marketing",'Raw Data'!N3:N122) -> 16 | D10: =SUMIF('Raw Data'!C3:C122,"Marketing",'Raw Data'!O3:O122) -> 18 | E10: =SUMIF('Raw Data'!C3:C122,"Marketing",'Raw Data'!P3:P122) -> 20 | F10: =SUMIF('Raw Data'!C3:C122,"Marketing",'Raw Data'!L3:L122) -> 254 | G10: =IFERROR(B10/F10,0) -> 0.86614173 | H10: =IFERROR(C10/F10,0) -> 0.062992126 | I10: =IF(G10>=0.9,"✅ Good",IF(G10>=0.8,"⚠️ Monitor","🔴 Alert")) -> ⚠️ Monitor
A12: 📆 MONTHLY ATTENDANCE DISTRIBUTION
A13: Month | B13: Total Present | C13: Total Absent | D13: Total Leave | E13: Total WFH | F13: Working Days | G13: Attendance %
A14: Jan | B14: =SUMIF('Raw Data'!K3:K122,"Jan",'Raw Data'!M3:M122) -> 412 | C14: =SUMIF('Raw Data'!K3:K122,"Jan",'Raw Data'!N3:N122) -> 15 | D14: =SUMIF('Raw Data'!K3:K122,"Jan",'Raw Data'!O3:O122) -> 33 | E14: =SUMIF('Raw Data'!K3:K122,"Jan",'Raw Data'!P3:P122) -> 49 | F14: 460 | G14: =IFERROR(B14/F14,0) -> 0.89565217
A15: Feb | B15: =SUMIF('Raw Data'!K3:K122,"Feb",'Raw Data'!M3:M122) -> 337 | C15: =SUMIF('Raw Data'!K3:K122,"Feb",'Raw Data'!N3:N122) -> 23 | D15: =SUMIF('Raw Data'!K3:K122,"Feb",'Raw Data'!O3:O122) -> 40 | E15: =SUMIF('Raw Data'!K3:K122,"Feb",'Raw Data'!P3:P122) -> 42 | F15: 400 | G15: =IFERROR(B15/F15,0) -> 0.8425
A16: Mar | B16: =SUMIF('Raw Data'!K3:K122,"Mar",'Raw Data'!M3:M122) -> 351 | C16: =SUMIF('Raw Data'!K3:K122,"Mar",'Raw Data'!N3:N122) -> 31 | D16: =SUMIF('Raw Data'!K3:K122,"Mar",'Raw Data'!O3:O122) -> 38 | E16: =SUMIF('Raw Data'!K3:K122,"Mar",'Raw Data'!P3:P122) -> 54 | F16: 420 | G16: =IFERROR(B16/F16,0) -> 0.83571429
A17: Apr | B17: =SUMIF('Raw Data'!K3:K122,"Apr",'Raw Data'!M3:M122) -> 387 | C17: =SUMIF('Raw Data'!K3:K122,"Apr",'Raw Data'!N3:N122) -> 21 | D17: =SUMIF('Raw Data'!K3:K122,"Apr",'Raw Data'!O3:O122) -> 32 | E17: =SUMIF('Raw Data'!K3:K122,"Apr",'Raw Data'!P3:P122) -> 46 | F17: 440 | G17: =IFERROR(B17/F17,0) -> 0.87954545
A18: May | B18: =SUMIF('Raw Data'!K3:K122,"May",'Raw Data'!M3:M122) -> 363 | C18: =SUMIF('Raw Data'!K3:K122,"May",'Raw Data'!N3:N122) -> 22 | D18: =SUMIF('Raw Data'!K3:K122,"May",'Raw Data'!O3:O122) -> 35 | E18: =SUMIF('Raw Data'!K3:K122,"May",'Raw Data'!P3:P122) -> 58 | F18: 420 | G18: =IFERROR(B18/F18,0) -> 0.86428571
A19: Jun | B19: =SUMIF('Raw Data'!K3:K122,"Jun",'Raw Data'!M3:M122) -> 339 | C19: =SUMIF('Raw Data'!K3:K122,"Jun",'Raw Data'!N3:N122) -> 21 | D19: =SUMIF('Raw Data'!K3:K122,"Jun",'Raw Data'!O3:O122) -> 40 | E19: =SUMIF('Raw Data'!K3:K122,"Jun",'Raw Data'!P3:P122) -> 58 | F19: 400 | G19: =IFERROR(B19/F19,0) -> 0.8475

Sheet Chart Data
A1: 📊 Chart Source Data — Pivot Tables for Dashboard Visuals
A3: Department | B3: Avg Performance | C3: Avg Attendance % | D3: High Performers | F3: Month | G3: Avg Performance | H3: Avg Attendance % | I3: Total Tasks | J3: Total Target | L3: Risk Category | M3: Count | O3: Bonus Status | P3: Count
A4: Technology | B4: =IFERROR(AVERAGEIF('Raw Data'!C3:C122,"Technology",'Raw Data'!Z3:Z122),0) -> 7.8111111 | C4: =IFERROR(AVERAGEIF('Raw Data'!C3:C122,"Technology",'Raw Data'!Q3:Q122),0) -> 0.85504167 | D4: =COUNTIFS('Raw Data'!C3:C122,"Technology",'Raw Data'!Z3:Z122,">="&8.5) -> 4 | F4: Jan | G4: =IFERROR(AVERAGEIF('Raw Data'!K3:K122,"Jan",'Raw Data'!Z3:Z122),0) -> 7.905 | H4: =IFERROR(AVERAGEIF('Raw Data'!K3:K122,"Jan",'Raw Data'!Q3:Q122),0) -> 0.89565 | I4: =SUMIF('Raw Data'!K3:K122,"Jan",'Raw Data'!U3:U122) -> 417 | J4: =SUMIF('Raw Data'!K3:K122,"Jan",'Raw Data'!T3:T122) -> 470 | L4: OK | M4: =COUNTIF('Raw Data'!AD3:AD122,"OK") -> 65 | O4: Yes — Eligible | P4: =COUNTIF('Raw Data'!AC3:AC122,"Yes") -> 47
A5: HR | B5: =IFERROR(AVERAGEIF('Raw Data'!C3:C122,"HR",'Raw Data'!Z3:Z122),0) -> 7.3333333 | C5: =IFERROR(AVERAGEIF('Raw Data'!C3:C122,"HR",'Raw Data'!Q3:Q122),0) -> 0.871 | D5: =COUNTIFS('Raw Data'!C3:C122,"HR",'Raw Data'!Z3:Z122,">="&8.5) -> 1 | F5: Feb | G5: =IFERROR(AVERAGEIF('Raw Data'!K3:K122,"Feb",'Raw Data'!Z3:Z122),0) -> 7.67 | H5: =IFERROR(AVERAGEIF('Raw Data'!K3:K122,"Feb",'Raw Data'!Q3:Q122),0) -> 0.8425 | I5: =SUMIF('Raw Data'!K3:K122,"Feb",'Raw Data'!U3:U122) -> 437 | J5: =SUMIF('Raw Data'!K3:K122,"Feb",'Raw Data'!T3:T122) -> 498 | L5: Attendance Risk | M5: =COUNTIF('Raw Data'!AD3:AD122,"Attendance Risk") -> 51 | O5: No — Not Eligible | P5: =COUNTIF('Raw Data'!AC3:AC122,"No") -> 73
A6: Finance | B6: =IFERROR(AVERAGEIF('Raw Data'!C3:C122,"Finance",'Raw Data'!Z3:Z122),0) -> 7.8222222 | C6: =IFERROR(AVERAGEIF('Raw Data'!C3:C122,"Finance",'Raw Data'!Q3:Q122),0) -> 0.86638889 | D6: =COUNTIFS('Raw Data'!C3:C122,"Finance",'Raw Data'!Z3:Z122,">="&8.5) -> 2 | F6: Mar | G6: =IFERROR(AVERAGEIF('Raw Data'!K3:K122,"Mar",'Raw Data'!Z3:Z122),0) -> 7.635 | H6: =IFERROR(AVERAGEIF('Raw Data'!K3:K122,"Mar",'Raw Data'!Q3:Q122),0) -> 0.835705 | I6: =SUMIF('Raw Data'!K3:K122,"Mar",'Raw Data'!U3:U122) -> 495 | J6: =SUMIF('Raw Data'!K3:K122,"Mar",'Raw Data'!T3:T122) -> 549 | L6: High Risk | M6: =COUNTIF('Raw Data'!AD3:AD122,"High Risk") -> 4
A7: Sales | B7: =IFERROR(AVERAGEIF('Raw Data'!C3:C122,"Sales",'Raw Data'!Z3:Z122),0) -> 7.7555556 | C7: =IFERROR(AVERAGEIF('Raw Data'!C3:C122,"Sales",'Raw Data'!Q3:Q122),0) -> 0.86257778 | D7: =COUNTIFS('Raw Data'!C3:C122,"Sales",'Raw Data'!Z3:Z122,">="&8.5) -> 1 | F7: Apr | G7: =IFERROR(AVERAGEIF('Raw Data'!K3:K122,"Apr",'Raw Data'!Z3:Z122),0) -> 7.67 | H7: =IFERROR(AVERAGEIF('Raw Data'!K3:K122,"Apr",'Raw Data'!Q3:Q122),0) -> 0.879535 | I7: =SUMIF('Raw Data'!K3:K122,"Apr",'Raw Data'!U3:U122) -> 454 | J7: =SUMIF('Raw Data'!K3:K122,"Apr",'Raw Data'!T3:T122) -> 493 | L7: Performance Risk | M7: =COUNTIF('Raw Data'!AD3:AD122,"Performance Risk") -> 0
A8: Operations | B8: =IFERROR(AVERAGEIF('Raw Data'!C3:C122,"Operations",'Raw Data'!Z3:Z122),0) -> 8.0944444 | C8: =IFERROR(AVERAGEIF('Raw Data'!C3:C122,"Operations",'Raw Data'!Q3:Q122),0) -> 0.85255556 | D8: =COUNTIFS('Raw Data'!C3:C122,"Operations",'Raw Data'!Z3:Z122,">="&8.5) -> 5 | F8: May | G8: =IFERROR(AVERAGEIF('Raw Data'!K3:K122,"May",'Raw Data'!Z3:Z122),0) -> 7.8 | H8: =IFERROR(AVERAGEIF('Raw Data'!K3:K122,"May",'Raw Data'!Q3:Q122),0) -> 0.864285 | I8: =SUMIF('Raw Data'!K3:K122,"May",'Raw Data'!U3:U122) -> 450 | J8: =SUMIF('Raw Data'!K3:K122,"May",'Raw Data'!T3:T122) -> 507
A9: Marketing | B9: =IFERROR(AVERAGEIF('Raw Data'!C3:C122,"Marketing",'Raw Data'!Z3:Z122),0) -> 7.7666667 | C9: =IFERROR(AVERAGEIF('Raw Data'!C3:C122,"Marketing",'Raw Data'!Q3:Q122),0) -> 0.86471667 | D9: =COUNTIFS('Raw Data'!C3:C122,"Marketing",'Raw Data'!Z3:Z122,">="&8.5) -> 2 | F9: Jun | G9: =IFERROR(AVERAGEIF('Raw Data'!K3:K122,"Jun",'Raw Data'!Z3:Z122),0) -> 7.945 | H9: =IFERROR(AVERAGEIF('Raw Data'!K3:K122,"Jun",'Raw Data'!Q3:Q122),0) -> 0.8475 | I9: =SUMIF('Raw Data'!K3:K122,"Jun",'Raw Data'!U3:U122) -> 465 | J9: =SUMIF('Raw Data'!K3:K122,"Jun",'Raw Data'!T3:T122) -> 534
